[
  {
    "documentType": "CC",
    "documentNumber": "1000000002",
    "firstLastName": "BARBOSA",
    "secondLastName": "",
    "firstName": "ESTUDIANTE",
    "secondName": "",
    "email": "1000000002@uts.edu.co",
    "phone": "",
    "registrationNumber": "EK20183007722",
    "globalScore": 200,
    "globalLevel": "Nivel 4",
    "writtenCommunicationScore": 128,
    "writtenCommunicationLevel": "Nivel 2",
    "quantitativeReasoningScore": 182,
    "quantitativeReasoningLevel": "Nivel 3",
    "criticalReadingScore": 202,
    "criticalReadingLevel": "Nivel 4",
    "citizenshipCompetenciesScore": 206,
    "citizenshipCompetenciesLevel": "Nivel 4",
    "englishScore": 183,
    "englishLevel": "Nivel 3",
    "engineeringProjectsScore": 185,
    "engineeringProjectsLevel": "Nivel 3",
    "scientificThinkingScore": 160,
    "scientificThinkingLevel": "Nivel 3",
    "softwareDesignScore": 197,
    "softwareDesignLevel": "Nivel 4",
    "englishCEFRLevel": "B1"
  },
  {
    "documentType": "CC",
    "documentNumber": "1000000003",
    "firstLastName": "QUINTERO",
    "secondLastName": "",
    "firstName": "ESTUDIANTE",
    "secondName": "",
    "email": "1000000003@uts.edu.co",
    "phone": "",
    "registrationNumber": "EK20183140703",
    "globalScore": 165,
    "globalLevel": "Nivel 3",
    "writtenCommunicationScore": 125,
    "writtenCommunicationLevel": "Nivel 1",
    "quantitativeReasoningScore": 151,
    "quantitativeReasoningLevel": "Nivel 2",
    "criticalReadingScore": 179,
    "criticalReadingLevel": "Nivel 3",
    "citizenshipCompetenciesScore": 163,
    "citizenshipCompetenciesLevel": "Nivel 3",
    "englishScore": 205,
    "englishLevel": "Nivel 4",
    "engineeringProjectsScore": 182,
    "engineeringProjectsLevel": "Nivel 3",
    "scientificThinkingScore": 144,
    "scientificThinkingLevel": "Nivel 2",
    "softwareDesignScore": 136,
    "softwareDesignLevel": "Nivel 2",
    "englishCEFRLevel": "B2"
  },
  {
    "documentType": "CC",
    "documentNumber": "1000000004",
    "firstLastName": "PARRA",
    "secondLastName": "",
    "firstName": "ESTUDIANTE",
    "secondName": "",
    "email": "1000000004@uts.edu.co",
    "phone": "",
    "registrationNumber": "EK20183040545",
    "globalScore": 164,
    "globalLevel": "Nivel 3",
    "writtenCommunicationScore": 159,
    "writtenCommunicationLevel": "Nivel 3",
    "quantitativeReasoningScore": 172,
    "quantitativeReasoningLevel": "Nivel 3",
    "criticalReadingScore": 182,
    "criticalReadingLevel": "Nivel 3",
    "citizenshipCompetenciesScore": 142,
    "citizenshipCompetenciesLevel": "Nivel 2",
    "englishScore": 165,
    "englishLevel": "Nivel 3",
    "engineeringProjectsScore": 167,
    "engineeringProjectsLevel": "Nivel 3",
    "scientificThinkingScore": 132,
    "scientificThinkingLevel": "Nivel 2",
    "softwareDesignScore": 148,
    "softwareDesignLevel": "Nivel 2",
    "englishCEFRLevel": "A2"
  },
  {
    "documentType": "CC",
    "documentNumber": "1000000005",
    "firstLastName": "ANAYA",
    "secondLastName": "",
    "firstName": "ESTUDIANTE",
    "secondName": "",
    "email": "1000000005@uts.edu.co",
    "phone": "",
    "registrationNumber": "EK20183025381",
    "globalScore": 160,
    "globalLevel": "Nivel 3",
    "writtenCommunicationScore": 146,
    "writtenCommunicationLevel": "Nivel 2",
    "quantitativeReasoningScore": 199,
    "quantitativeReasoningLevel": "Nivel 4",
    "criticalReadingScore": 157,
    "criticalReadingLevel": "Nivel 3",
    "citizenshipCompetenciesScore": 149,
    "citizenshipCompetenciesLevel": "Nivel 2",
    "englishScore": 147,
    "englishLevel": "Nivel 2",
    "engineeringProjectsScore": 174,
    "engineeringProjectsLevel": "Nivel 3",
    "scientificThinkingScore": 127,
    "scientificThinkingLevel": "Nivel 2",
    "softwareDesignScore": 171,
    "softwareDesignLevel": "Nivel 3",
    "englishCEFRLevel": "A2"
  },
  {
    "documentType": "CC",
    "documentNumber": "1000000006",
    "firstLastName": "FLOR",
    "secondLastName": "",
    "firstName": "ESTUDIANTE",
    "secondName": "",
    "email": "1000000006@uts.edu.co",
    "phone": "",
    "registrationNumber": "EK20183025335",
    "globalScore": 160,
    "globalLevel": "Nivel 3",
    "writtenCommunicationScore": 198,
    "writtenCommunicationLevel": "Nivel 4",
    "quantitativeReasoningScore": 153,
    "quantitativeReasoningLevel": "Nivel 2",
    "criticalReadingScore": 147,
    "criticalReadingLevel": "Nivel 2",
    "citizenshipCompetenciesScore": 157,
    "citizenshipCompetenciesLevel": "Nivel 3",
    "englishScore": 146,
    "englishLevel": "Nivel 2",
    "engineeringProjectsScore": 168,
    "engineeringProjectsLevel": "Nivel 3",
    "scientificThinkingScore": 114,
    "scientificThinkingLevel": "Nivel 1",
    "softwareDesignScore": 160,
    "softwareDesignLevel": "Nivel 3",
    "englishCEFRLevel": "A2"
  },
  {
    "documentType": "CC",
    "documentNumber": "1000000007",
    "firstLastName": "GARCIA",
    "secondLastName": "",
    "firstName": "ESTUDIANTE",
    "secondName": "",
    "email": "1000000007@uts.edu.co",
    "phone": "",
    "registrationNumber": "EK20183122648",
    "globalScore": 157,
    "globalLevel": "Nivel 3",
    "writtenCommunicationScore": 179,
    "writtenCommunicationLevel": "Nivel 3",
    "quantitativeReasoningScore": 172,
    "quantitativeReasoningLevel": "Nivel 3",
    "criticalReadingScore": 158,
    "criticalReadingLevel": "Nivel 3",
    "citizenshipCompetenciesScore": 140,
    "citizenshipCompetenciesLevel": "Nivel 2",
    "englishScore": 136,
    "englishLevel": "Nivel 2",
    "engineeringProjectsScore": 128,
    "engineeringProjectsLevel": "Nivel 2",
    "scientificThinkingScore": 121,
    "scientificThinkingLevel": "Nivel 1",
    "softwareDesignScore": 142,
    "softwareDesignLevel": "Nivel 2",
    "englishCEFRLevel": "A1"
  },
  {
    "documentType": "CC",
    "documentNumber": "1000000008",
    "firstLastName": "MANOSALVA",
    "secondLastName": "",
    "firstName": "ESTUDIANTE",
    "secondName": "",
    "email": "1000000008@uts.edu.co",
    "phone": "",
    "registrationNumber": "EK20183064605",
    "globalScore": 153,
    "globalLevel": "Nivel 2",
    "writtenCommunicationScore": 115,
    "writtenCommunicationLevel": "Nivel 1",
    "quantitativeReasoningScore": 152,
    "quantitativeReasoningLevel": "Nivel 2",
    "criticalReadingScore": 159,
    "criticalReadingLevel": "Nivel 3",
    "citizenshipCompetenciesScore": 172,
    "citizenshipCompetenciesLevel": "Nivel 3",
    "englishScore": 165,
    "englishLevel": "Nivel 3",
    "engineeringProjectsScore": 142,
    "engineeringProjectsLevel": "Nivel 2",
    "scientificThinkingScore": 118,
    "scientificThinkingLevel": "Nivel 1",
    "softwareDesignScore": 119,
    "softwareDesignLevel": "Nivel 1",
    "englishCEFRLevel": "A2"
  },
  {
    "documentType": "CC",
    "documentNumber": "1000000009",
    "firstLastName": "MENDOZA",
    "secondLastName": "",
    "firstName": "ESTUDIANTE",
    "secondName": "",
    "email": "1000000009@uts.edu.co",
    "phone": "",
    "registrationNumber": "EK20183187351",
    "globalScore": 151,
    "globalLevel": "Nivel 2",
    "writtenCommunicationScore": 132,
    "writtenCommunicationLevel": "Nivel 2",
    "quantitativeReasoningScore": 123,
    "quantitativeReasoningLevel": "Nivel 1",
    "criticalReadingScore": 125,
    "criticalReadingLevel": "Nivel 1",
    "citizenshipCompetenciesScore": 169,
    "citizenshipCompetenciesLevel": "Nivel 3",
    "englishScore": 204,
    "englishLevel": "Nivel 4",
    "engineeringProjectsScore": 173,
    "engineeringProjectsLevel": "Nivel 3",
    "scientificThinkingScore": 127,
    "scientificThinkingLevel": "Nivel 2",
    "softwareDesignScore": 171,
    "softwareDesignLevel": "Nivel 3",
    "englishCEFRLevel": "B2"
  },
  {
    "documentType": "CC",
    "documentNumber": "1000000010",
    "firstLastName": "BELTRAN",
    "secondLastName": "",
    "firstName": "ESTUDIANTE",
    "secondName": "",
    "email": "1000000010@uts.edu.co",
    "phone": "",
    "registrationNumber": "EK20183233820",
    "globalScore": 150,
    "globalLevel": "Nivel 2",
    "writtenCommunicationScore": 86,
    "writtenCommunicationLevel": "Nivel 1",
    "quantitativeReasoningScore": 187,
    "quantitativeReasoningLevel": "Nivel 3",
    "criticalReadingScore": 160,
    "criticalReadingLevel": "Nivel 3",
    "citizenshipCompetenciesScore": 171,
    "citizenshipCompetenciesLevel": "Nivel 3",
    "englishScore": 148,
    "englishLevel": "Nivel 2",
    "engineeringProjectsScore": 162,
    "engineeringProjectsLevel": "Nivel 3",
    "scientificThinkingScore": 125,
    "scientificThinkingLevel": "Nivel 1",
    "softwareDesignScore": 142,
    "softwareDesignLevel": "Nivel 2",
    "englishCEFRLevel": "A2"
  },
  {
    "documentType": "CC",
    "documentNumber": "1000000011",
    "firstLastName": "SANTAMARIA",
    "secondLastName": "",
    "firstName": "ESTUDIANTE",
    "secondName": "",
    "email": "1000000011@uts.edu.co",
    "phone": "",
    "registrationNumber": "EK20183030016",
    "globalScore": 150,
    "globalLevel": "Nivel 2",
    "writtenCommunicationScore": 175,
    "writtenCommunicationLevel": "Nivel 3",
    "quantitativeReasoningScore": 149,
    "quantitativeReasoningLevel": "Nivel 2",
    "criticalReadingScore": 145,
    "criticalReadingLevel": "Nivel 2",
    "citizenshipCompetenciesScore": 158,
    "citizenshipCompetenciesLevel": "Nivel 3",
    "englishScore": 125,
    "englishLevel": "Nivel 1",
    "engineeringProjectsScore": 162,
    "engineeringProjectsLevel": "Nivel 3",
    "scientificThinkingScore": 76,
    "scientificThinkingLevel": "Nivel 1",
    "softwareDesignScore": 125,
    "softwareDesignLevel": "Nivel 1",
    "englishCEFRLevel": "A1"
  },
  {
    "documentType": "CC",
    "documentNumber": "1000000012",
    "firstLastName": "SANCHEZ",
    "secondLastName": "",
    "firstName": "ESTUDIANTE",
    "secondName": "",
    "email": "1000000012@uts.edu.co",
    "phone": "",
    "registrationNumber": "EK20183047073",
    "globalScore": 149,
    "globalLevel": "Nivel 2",
    "writtenCommunicationScore": 209,
    "writtenCommunicationLevel": "Nivel 4",
    "quantitativeReasoningScore": 143,
    "quantitativeReasoningLevel": "Nivel 2",
    "criticalReadingScore": 117,
    "criticalReadingLevel": "Nivel 1",
    "citizenshipCompetenciesScore": 129,
    "citizenshipCompetenciesLevel": "Nivel 2",
    "englishScore": 147,
    "englishLevel": "Nivel 2",
    "engineeringProjectsScore": 137,
    "engineeringProjectsLevel": "Nivel 2",
    "scientificThinkingScore": 125,
    "scientificThinkingLevel": "Nivel 1",
    "softwareDesignScore": 136,
    "softwareDesignLevel": "Nivel 2",
    "englishCEFRLevel": "A2"
  },
  {
    "documentType": "CC",
    "documentNumber": "1000000013",
    "firstLastName": "ROMERO",
    "secondLastName": "",
    "firstName": "ESTUDIANTE",
    "secondName": "",
    "email": "1000000013@uts.edu.co",
    "phone": "",
    "registrationNumber": "EK20183236451",
    "globalScore": 146,
    "globalLevel": "Nivel 2",
    "writtenCommunicationScore": 93,
    "writtenCommunicationLevel": "Nivel 1",
    "quantitativeReasoningScore": 183,
    "quantitativeReasoningLevel": "Nivel 3",
    "criticalReadingScore": 155,
    "criticalReadingLevel": "Nivel 2",
    "citizenshipCompetenciesScore": 164,
    "citizenshipCompetenciesLevel": "Nivel 3",
    "englishScore": 133,
    "englishLevel": "Nivel 2",
    "engineeringProjectsScore": 174,
    "engineeringProjectsLevel": "Nivel 3",
    "scientificThinkingScore": 130,
    "scientificThinkingLevel": "Nivel 2",
    "softwareDesignScore": 154,
    "softwareDesignLevel": "Nivel 2",
    "englishCEFRLevel": "A1"
  },
  {
    "documentType": "CC",
    "documentNumber": "1000000014",
    "firstLastName": "LUNA",
    "secondLastName": "",
    "firstName": "ESTUDIANTE",
    "secondName": "",
    "email": "1000000014@uts.edu.co",
    "phone": "",
    "registrationNumber": "EK20183041714",
    "globalScore": 141,
    "globalLevel": "Nivel 2",
    "writtenCommunicationScore": 125,
    "writtenCommunicationLevel": "Nivel 1",
    "quantitativeReasoningScore": 157,
    "quantitativeReasoningLevel": "Nivel 3",
    "criticalReadingScore": 138,
    "criticalReadingLevel": "Nivel 2",
    "citizenshipCompetenciesScore": 135,
    "citizenshipCompetenciesLevel": "Nivel 2",
    "englishScore": 152,
    "englishLevel": "Nivel 2",
    "engineeringProjectsScore": 176,
    "engineeringProjectsLevel": "Nivel 3",
    "scientificThinkingScore": 128,
    "scientificThinkingLevel": "Nivel 2",
    "softwareDesignScore": 165,
    "softwareDesignLevel": "Nivel 3",
    "englishCEFRLevel": "A2"
  },
  {
    "documentType": "CC",
    "documentNumber": "1000000015",
    "firstLastName": "TRIANA",
    "secondLastName": "",
    "firstName": "ESTUDIANTE",
    "secondName": "",
    "email": "1000000015@uts.edu.co",
    "phone": "",
    "registrationNumber": "EK20183187801",
    "globalScore": 141,
    "globalLevel": "Nivel 2",
    "writtenCommunicationScore": 150,
    "writtenCommunicationLevel": "Nivel 2",
    "quantitativeReasoningScore": 136,
    "quantitativeReasoningLevel": "Nivel 2",
    "criticalReadingScore": 145,
    "criticalReadingLevel": "Nivel 2",
    "citizenshipCompetenciesScore": 150,
    "citizenshipCompetenciesLevel": "Nivel 2",
    "englishScore": 126,
    "englishLevel": "Nivel 2",
    "engineeringProjectsScore": 148,
    "engineeringProjectsLevel": "Nivel 2",
    "scientificThinkingScore": 129,
    "scientificThinkingLevel": "Nivel 2",
    "softwareDesignScore": 131,
    "softwareDesignLevel": "Nivel 2",
    "englishCEFRLevel": "A1"
  },
  {
    "documentType": "CC",
    "documentNumber": "1000000016",
    "firstLastName": "SUAREZ",
    "secondLastName": "",
    "firstName": "ESTUDIANTE",
    "secondName": "",
    "email": "1000000016@uts.edu.co",
    "phone": "",
    "registrationNumber": "EK20183176566",
    "globalScore": 140,
    "globalLevel": "Nivel 2",
    "writtenCommunicationScore": 128,
    "writtenCommunicationLevel": "Nivel 2",
    "quantitativeReasoningScore": 146,
    "quantitativeReasoningLevel": "Nivel 2",
    "criticalReadingScore": 146,
    "criticalReadingLevel": "Nivel 2",
    "citizenshipCompetenciesScore": 132,
    "citizenshipCompetenciesLevel": "Nivel 2",
    "englishScore": 147,
    "englishLevel": "Nivel 2",
    "engineeringProjectsScore": 130,
    "engineeringProjectsLevel": "Nivel 2",
    "scientificThinkingScore": 110,
    "scientificThinkingLevel": "Nivel 1",
    "softwareDesignScore": 125,
    "softwareDesignLevel": "Nivel 1",
    "englishCEFRLevel": "A2"
  },
  {
    "documentType": "CC",
    "documentNumber": "1000000017",
    "firstLastName": "GARCIA",
    "secondLastName": "",
    "firstName": "ESTUDIANTE",
    "secondName": "",
    "email": "1000000017@uts.edu.co",
    "phone": "",
    "registrationNumber": "EK20183204427",
    "globalScore": 139,
    "globalLevel": "Nivel 2",
    "writtenCommunicationScore": 129,
    "writtenCommunicationLevel": "Nivel 2",
    "quantitativeReasoningScore": 138,
    "quantitativeReasoningLevel": "Nivel 2",
    "criticalReadingScore": 148,
    "criticalReadingLevel": "Nivel 2",
    "citizenshipCompetenciesScore": 146,
    "citizenshipCompetenciesLevel": "Nivel 2",
    "englishScore": 135,
    "englishLevel": "Nivel 2",
    "engineeringProjectsScore": 109,
    "engineeringProjectsLevel": "Nivel 1",
    "scientificThinkingScore": 107,
    "scientificThinkingLevel": "Nivel 1",
    "softwareDesignScore": 131,
    "softwareDesignLevel": "Nivel 2",
    "englishCEFRLevel": "A1"
  },
  {
    "documentType": "CC",
    "documentNumber": "1000000018",
    "firstLastName": "PINZON",
    "secondLastName": "",
    "firstName": "ESTUDIANTE",
    "secondName": "",
    "email": "1000000018@uts.edu.co",
    "phone": "",
    "registrationNumber": "EK20183196280",
    "globalScore": 138,
    "globalLevel": "Nivel 2",
    "writtenCommunicationScore": 153,
    "writtenCommunicationLevel": "Nivel 2",
    "quantitativeReasoningScore": 123,
    "quantitativeReasoningLevel": "Nivel 1",
    "criticalReadingScore": 127,
    "criticalReadingLevel": "Nivel 2",
    "citizenshipCompetenciesScore": 147,
    "citizenshipCompetenciesLevel": "Nivel 2",
    "englishScore": 140,
    "englishLevel": "Nivel 2",
    "engineeringProjectsScore": 145,
    "engineeringProjectsLevel": "Nivel 2",
    "scientificThinkingScore": 143,
    "scientificThinkingLevel": "Nivel 2",
    "softwareDesignScore": 160,
    "softwareDesignLevel": "Nivel 3",
    "englishCEFRLevel": "A1"
  },
  {
    "documentType": "CC",
    "documentNumber": "1000000019",
    "firstLastName": "JAIMES",
    "secondLastName": "",
    "firstName": "ESTUDIANTE",
    "secondName": "",
    "email": "1000000019@uts.edu.co",
    "phone": "",
    "registrationNumber": "EK20183173799",
    "globalScore": 137,
    "globalLevel": "Nivel 2",
    "writtenCommunicationScore": 166,
    "writtenCommunicationLevel": "Nivel 3",
    "quantitativeReasoningScore": 157,
    "quantitativeReasoningLevel": "Nivel 3",
    "criticalReadingScore": 124,
    "criticalReadingLevel": "Nivel 1",
    "citizenshipCompetenciesScore": 100,
    "citizenshipCompetenciesLevel": "Nivel 1",
    "englishScore": 140,
    "englishLevel": "Nivel 2",
    "engineeringProjectsScore": 100,
    "engineeringProjectsLevel": "Nivel 1",
    "scientificThinkingScore": 105,
    "scientificThinkingLevel": "Nivel 1",
    "softwareDesignScore": 113,
    "softwareDesignLevel": "Nivel 1",
    "englishCEFRLevel": "A1"
  },
  {
    "documentType": "CC",
    "documentNumber": "1000000020",
    "firstLastName": "NIÑO",
    "secondLastName": "",
    "firstName": "ESTUDIANTE",
    "secondName": "",
    "email": "1000000020@uts.edu.co",
    "phone": "",
    "registrationNumber": "EK20183009565",
    "globalScore": 134,
    "globalLevel": "Nivel 2",
    "writtenCommunicationScore": 165,
    "writtenCommunicationLevel": "Nivel 3",
    "quantitativeReasoningScore": 137,
    "quantitativeReasoningLevel": "Nivel 2",
    "criticalReadingScore": 136,
    "criticalReadingLevel": "Nivel 2",
    "citizenshipCompetenciesScore": 118,
    "citizenshipCompetenciesLevel": "Nivel 1",
    "englishScore": 116,
    "englishLevel": "Nivel 1",
    "engineeringProjectsScore": 146,
    "engineeringProjectsLevel": "Nivel 2",
    "scientificThinkingScore": 122,
    "scientificThinkingLevel": "Nivel 1",
    "softwareDesignScore": 154,
    "softwareDesignLevel": "Nivel 2",
    "englishCEFRLevel": "A0"
  },
  {
    "documentType": "CC",
    "documentNumber": "1000000021",
    "firstLastName": "FABIAN",
    "secondLastName": "",
    "firstName": "ESTUDIANTE",
    "secondName": "",
    "email": "1000000021@uts.edu.co",
    "phone": "",
    "registrationNumber": "EK20183117756",
    "globalScore": 133,
    "globalLevel": "Nivel 2",
    "writtenCommunicationScore": 139,
    "writtenCommunicationLevel": "Nivel 2",
    "quantitativeReasoningScore": 93,
    "quantitativeReasoningLevel": "Nivel 1",
    "criticalReadingScore": 168,
    "criticalReadingLevel": "Nivel 3",
    "citizenshipCompetenciesScore": 150,
    "citizenshipCompetenciesLevel": "Nivel 2",
    "englishScore": 114,
    "englishLevel": "Nivel 1",
    "engineeringProjectsScore": 102,
    "engineeringProjectsLevel": "Nivel 1",
    "scientificThinkingScore": 123,
    "scientificThinkingLevel": "Nivel 1",
    "softwareDesignScore": 94,
    "softwareDesignLevel": "Nivel 1",
    "englishCEFRLevel": "A0"
  },
  {
    "documentType": "CC",
    "documentNumber": "1000000022",
    "firstLastName": "HERNANDEZ",
    "secondLastName": "",
    "firstName": "ESTUDIANTE",
    "secondName": "",
    "email": "1000000022@uts.edu.co",
    "phone": "",
    "registrationNumber": "EK20183044579",
    "globalScore": 132,
    "globalLevel": "Nivel 2",
    "writtenCommunicationScore": 116,
    "writtenCommunicationLevel": "Nivel 1",
    "quantitativeReasoningScore": 166,
    "quantitativeReasoningLevel": "Nivel 3",
    "criticalReadingScore": 136,
    "criticalReadingLevel": "Nivel 2",
    "citizenshipCompetenciesScore": 104,
    "citizenshipCompetenciesLevel": "Nivel 1",
    "englishScore": 140,
    "englishLevel": "Nivel 2",
    "engineeringProjectsScore": 158,
    "engineeringProjectsLevel": "Nivel 3",
    "scientificThinkingScore": 125,
    "scientificThinkingLevel": "Nivel 1",
    "softwareDesignScore": 154,
    "softwareDesignLevel": "Nivel 2",
    "englishCEFRLevel": "A1"
  },
  {
    "documentType": "CC",
    "documentNumber": "1000000023",
    "firstLastName": "LARIOS",
    "secondLastName": "",
    "firstName": "ESTUDIANTE",
    "secondName": "",
    "email": "1000000023@uts.edu.co",
    "phone": "",
    "registrationNumber": "EK20183045760",
    "globalScore": 131,
    "globalLevel": "Nivel 2",
    "writtenCommunicationScore": 149,
    "writtenCommunicationLevel": "Nivel 2",
    "quantitativeReasoningScore": 123,
    "quantitativeReasoningLevel": "Nivel 1",
    "criticalReadingScore": 129,
    "criticalReadingLevel": "Nivel 2",
    "citizenshipCompetenciesScore": 121,
    "citizenshipCompetenciesLevel": "Nivel 1",
    "englishScore": 131,
    "englishLevel": "Nivel 2",
    "engineeringProjectsScore": 101,
    "engineeringProjectsLevel": "Nivel 1",
    "scientificThinkingScore": 102,
    "scientificThinkingLevel": "Nivel 1",
    "softwareDesignScore": 165,
    "softwareDesignLevel": "Nivel 3",
    "englishCEFRLevel": "A1"
  },
  {
    "documentType": "CC",
    "documentNumber": "1000000024",
    "firstLastName": "CALDERON",
    "secondLastName": "",
    "firstName": "ESTUDIANTE",
    "secondName": "",
    "email": "1000000024@uts.edu.co",
    "phone": "",
    "registrationNumber": "EK20183034044",
    "globalScore": 130,
    "globalLevel": "Nivel 2",
    "writtenCommunicationScore": 127,
    "writtenCommunicationLevel": "Nivel 2",
    "quantitativeReasoningScore": 147,
    "quantitativeReasoningLevel": "Nivel 2",
    "criticalReadingScore": 134,
    "criticalReadingLevel": "Nivel 2",
    "citizenshipCompetenciesScore": 111,
    "citizenshipCompetenciesLevel": "Nivel 1",
    "englishScore": 131,
    "englishLevel": "Nivel 2",
    "engineeringProjectsScore": 65,
    "engineeringProjectsLevel": "Nivel 1",
    "scientificThinkingScore": 112,
    "scientificThinkingLevel": "Nivel 1",
    "softwareDesignScore": 94,
    "softwareDesignLevel": "Nivel 1",
    "englishCEFRLevel": "A1"
  },
  {
    "documentType": "CC",
    "documentNumber": "1000000025",
    "firstLastName": "VILLARREAL",
    "secondLastName": "",
    "firstName": "ESTUDIANTE",
    "secondName": "",
    "email": "1000000025@uts.edu.co",
    "phone": "",
    "registrationNumber": "EK20183041521",
    "globalScore": 129,
    "globalLevel": "Nivel 2",
    "writtenCommunicationScore": 96,
    "writtenCommunicationLevel": "Nivel 1",
    "quantitativeReasoningScore": 162,
    "quantitativeReasoningLevel": "Nivel 3",
    "criticalReadingScore": 114,
    "criticalReadingLevel": "Nivel 1",
    "citizenshipCompetenciesScore": 131,
    "citizenshipCompetenciesLevel": "Nivel 2",
    "englishScore": 144,
    "englishLevel": "Nivel 2",
    "engineeringProjectsScore": 122,
    "engineeringProjectsLevel": "Nivel 1",
    "scientificThinkingScore": 112,
    "scientificThinkingLevel": "Nivel 1",
    "softwareDesignScore": 131,
    "softwareDesignLevel": "Nivel 2",
    "englishCEFRLevel": "A1"
  },
  {
    "documentType": "CC",
    "documentNumber": "1000000026",
    "firstLastName": "RESTREPO",
    "secondLastName": "",
    "firstName": "ESTUDIANTE",
    "secondName": "",
    "email": "1000000026@uts.edu.co",
    "phone": "",
    "registrationNumber": "EK20183027436",
    "globalScore": 126,
    "globalLevel": "Nivel 2",
    "writtenCommunicationScore": 81,
    "writtenCommunicationLevel": "Nivel 1",
    "quantitativeReasoningScore": 134,
    "quantitativeReasoningLevel": "Nivel 2",
    "criticalReadingScore": 126,
    "criticalReadingLevel": "Nivel 2",
    "citizenshipCompetenciesScore": 149,
    "citizenshipCompetenciesLevel": "Nivel 2",
    "englishScore": 139,
    "englishLevel": "Nivel 2",
    "engineeringProjectsScore": 127,
    "engineeringProjectsLevel": "Nivel 2",
    "scientificThinkingScore": 136,
    "scientificThinkingLevel": "Nivel 2",
    "softwareDesignScore": 142,
    "softwareDesignLevel": "Nivel 2",
    "englishCEFRLevel": "A1"
  },
  {
    "documentType": "CC",
    "documentNumber": "1000000027",
    "firstLastName": "CACERES",
    "secondLastName": "",
    "firstName": "ESTUDIANTE",
    "secondName": "",
    "email": "1000000027@uts.edu.co",
    "phone": "",
    "registrationNumber": "EK20183031592",
    "globalScore": 125,
    "globalLevel": "Nivel 1",
    "writtenCommunicationScore": 124,
    "writtenCommunicationLevel": "Nivel 1",
    "quantitativeReasoningScore": 135,
    "quantitativeReasoningLevel": "Nivel 2",
    "criticalReadingScore": 108,
    "criticalReadingLevel": "Nivel 1",
    "citizenshipCompetenciesScore": 92,
    "citizenshipCompetenciesLevel": "Nivel 1",
    "englishScore": 165,
    "englishLevel": "Nivel 3",
    "engineeringProjectsScore": 132,
    "engineeringProjectsLevel": "Nivel 2",
    "scientificThinkingScore": 104,
    "scientificThinkingLevel": "Nivel 1",
    "softwareDesignScore": 131,
    "softwareDesignLevel": "Nivel 2",
    "englishCEFRLevel": "A2"
  },
  {
    "documentType": "CC",
    "documentNumber": "1000000028",
    "firstLastName": "TABARES",
    "secondLastName": "",
    "firstName": "ESTUDIANTE",
    "secondName": "",
    "email": "1000000028@uts.edu.co",
    "phone": "",
    "registrationNumber": "EK20183004153",
    "globalScore": 124,
    "globalLevel": "Nivel 1",
    "writtenCommunicationScore": 131,
    "writtenCommunicationLevel": "Nivel 2",
    "quantitativeReasoningScore": 131,
    "quantitativeReasoningLevel": "Nivel 2",
    "criticalReadingScore": 107,
    "criticalReadingLevel": "Nivel 1",
    "citizenshipCompetenciesScore": 88,
    "citizenshipCompetenciesLevel": "Nivel 1",
    "englishScore": 162,
    "englishLevel": "Nivel 3",
    "engineeringProjectsScore": 136,
    "engineeringProjectsLevel": "Nivel 2",
    "scientificThinkingScore": 112,
    "scientificThinkingLevel": "Nivel 1",
    "softwareDesignScore": 148,
    "softwareDesignLevel": "Nivel 2",
    "englishCEFRLevel": "A2"
  },
  {
    "documentType": "CC",
    "documentNumber": "1000000029",
    "firstLastName": "NARANJO",
    "secondLastName": "",
    "firstName": "ESTUDIANTE",
    "secondName": "",
    "email": "1000000029@uts.edu.co",
    "phone": "",
    "registrationNumber": "EK20183030783",
    "globalScore": 122,
    "globalLevel": "Nivel 1",
    "writtenCommunicationScore": 166,
    "writtenCommunicationLevel": "Nivel 3",
    "quantitativeReasoningScore": 113,
    "quantitativeReasoningLevel": "Nivel 1",
    "criticalReadingScore": 113,
    "criticalReadingLevel": "Nivel 1",
    "citizenshipCompetenciesScore": 112,
    "citizenshipCompetenciesLevel": "Nivel 1",
    "englishScore": 106,
    "englishLevel": "Nivel 1",
    "engineeringProjectsScore": 135,
    "engineeringProjectsLevel": "Nivel 2",
    "scientificThinkingScore": 117,
    "scientificThinkingLevel": "Nivel 1",
    "softwareDesignScore": 119,
    "softwareDesignLevel": "Nivel 1",
    "englishCEFRLevel": "A0"
  },
  {
    "documentType": "CC",
    "documentNumber": "1000000030",
    "firstLastName": "PRADA",
    "secondLastName": "",
    "firstName": "ESTUDIANTE",
    "secondName": "",
    "email": "1000000030@uts.edu.co",
    "phone": "",
    "registrationNumber": "EK20183024754",
    "globalScore": 122,
    "globalLevel": "Nivel 1",
    "writtenCommunicationScore": 119,
    "writtenCommunicationLevel": "Nivel 1",
    "quantitativeReasoningScore": 125,
    "quantitativeReasoningLevel": "Nivel 1",
    "criticalReadingScore": 137,
    "criticalReadingLevel": "Nivel 2",
    "citizenshipCompetenciesScore": 107,
    "citizenshipCompetenciesLevel": "Nivel 1",
    "englishScore": 123,
    "englishLevel": "Nivel 1",
    "engineeringProjectsScore": 83,
    "engineeringProjectsLevel": "Nivel 1",
    "scientificThinkingScore": 104,
    "scientificThinkingLevel": "Nivel 1",
    "softwareDesignScore": 119,
    "softwareDesignLevel": "Nivel 1",
    "englishCEFRLevel": "A1"
  },
  {
    "documentType": "CC",
    "documentNumber": "1000000031",
    "firstLastName": "VARGAS",
    "secondLastName": "",
    "firstName": "ESTUDIANTE",
    "secondName": "",
    "email": "1000000031@uts.edu.co",
    "phone": "",
    "registrationNumber": "EK20183186200",
    "globalScore": 114,
    "globalLevel": "Nivel 1",
    "writtenCommunicationScore": 95,
    "writtenCommunicationLevel": "Nivel 1",
    "quantitativeReasoningScore": 120,
    "quantitativeReasoningLevel": "Nivel 1",
    "criticalReadingScore": 151,
    "criticalReadingLevel": "Nivel 2",
    "citizenshipCompetenciesScore": 86,
    "citizenshipCompetenciesLevel": "Nivel 1",
    "englishScore": 119,
    "englishLevel": "Nivel 1",
    "engineeringProjectsScore": 149,
    "engineeringProjectsLevel": "Nivel 2",
    "scientificThinkingScore": 103,
    "scientificThinkingLevel": "Nivel 1",
    "softwareDesignScore": 119,
    "softwareDesignLevel": "Nivel 1",
    "englishCEFRLevel": "A0"
  },
  {
    "documentType": "CC",
    "documentNumber": "1000000032",
    "firstLastName": "TORRES",
    "secondLastName": "",
    "firstName": "ESTUDIANTE",
    "secondName": "",
    "email": "1000000032@uts.edu.co",
    "phone": "",
    "registrationNumber": "EK20183182410",
    "globalScore": 113,
    "globalLevel": "Nivel 1",
    "writtenCommunicationScore": 109,
    "writtenCommunicationLevel": "Nivel 1",
    "quantitativeReasoningScore": 105,
    "quantitativeReasoningLevel": "Nivel 1",
    "criticalReadingScore": 104,
    "criticalReadingLevel": "Nivel 1",
    "citizenshipCompetenciesScore": 103,
    "citizenshipCompetenciesLevel": "Nivel 1",
    "englishScore": 142,
    "englishLevel": "Nivel 2",
    "engineeringProjectsScore": 102,
    "engineeringProjectsLevel": "Nivel 1",
    "scientificThinkingScore": 135,
    "scientificThinkingLevel": "Nivel 2",
    "softwareDesignScore": 80,
    "softwareDesignLevel": "Nivel 1",
    "englishCEFRLevel": "A1"
  },
  {
    "documentType": "CC",
    "documentNumber": "1000000033",
    "firstLastName": "ORTIZ",
    "secondLastName": "",
    "firstName": "ESTUDIANTE",
    "secondName": "",
    "email": "1000000033@uts.edu.co",
    "phone": "",
    "registrationNumber": "EK20183213735",
    "globalScore": 107,
    "globalLevel": "Nivel 1",
    "writtenCommunicationScore": 128,
    "writtenCommunicationLevel": "Nivel 2",
    "quantitativeReasoningScore": 81,
    "quantitativeReasoningLevel": "Nivel 1",
    "criticalReadingScore": 107,
    "criticalReadingLevel": "Nivel 1",
    "citizenshipCompetenciesScore": 102,
    "citizenshipCompetenciesLevel": "Nivel 1",
    "englishScore": 119,
    "englishLevel": "Nivel 1",
    "engineeringProjectsScore": 130,
    "engineeringProjectsLevel": "Nivel 2",
    "scientificThinkingScore": 111,
    "scientificThinkingLevel": "Nivel 1",
    "softwareDesignScore": 125,
    "softwareDesignLevel": "Nivel 1",
    "englishCEFRLevel": "A0"
  },
  {
    "documentType": "CC",
    "documentNumber": "1000000034",
    "firstLastName": "VILLAMIZAR",
    "secondLastName": "",
    "firstName": "ESTUDIANTE",
    "secondName": "",
    "email": "1000000034@uts.edu.co",
    "phone": "",
    "registrationNumber": "EK20183065220",
    "globalScore": 106,
    "globalLevel": "Nivel 1",
    "writtenCommunicationScore": 134,
    "writtenCommunicationLevel": "Nivel 2",
    "quantitativeReasoningScore": 96,
    "quantitativeReasoningLevel": "Nivel 1",
    "criticalReadingScore": 92,
    "criticalReadingLevel": "Nivel 1",
    "citizenshipCompetenciesScore": 110,
    "citizenshipCompetenciesLevel": "Nivel 1",
    "englishScore": 97,
    "englishLevel": "Nivel 1",
    "engineeringProjectsScore": 83,
    "engineeringProjectsLevel": "Nivel 1",
    "scientificThinkingScore": 107,
    "scientificThinkingLevel": "Nivel 1",
    "softwareDesignScore": 119,
    "softwareDesignLevel": "Nivel 1",
    "englishCEFRLevel": "A0"
  },
  {
    "documentType": "CC",
    "documentNumber": "1000000035",
    "firstLastName": "RESTREPO",
    "secondLastName": "",
    "firstName": "ESTUDIANTE",
    "secondName": "",
    "email": "1000000035@uts.edu.co",
    "phone": "",
    "registrationNumber": "EK20183028123",
    "globalScore": 96,
    "globalLevel": "Nivel 1",
    "writtenCommunicationScore": 100,
    "writtenCommunicationLevel": "Nivel 1",
    "quantitativeReasoningScore": 117,
    "quantitativeReasoningLevel": "Nivel 1",
    "criticalReadingScore": 122,
    "criticalReadingLevel": "Nivel 1",
    "citizenshipCompetenciesScore": 105,
    "citizenshipCompetenciesLevel": "Nivel 1",
    "englishScore": 137,
    "englishLevel": "Nivel 2",
    "engineeringProjectsScore": 157,
    "engineeringProjectsLevel": "Nivel 3",
    "scientificThinkingScore": 96,
    "scientificThinkingLevel": "Nivel 1",
    "softwareDesignScore": 131,
    "softwareDesignLevel": "Nivel 2",
    "englishCEFRLevel": "A1"
  }
]